物品名称,阶段,分类,数量,推荐品牌,优先级,预算,已备,备注,更新日期,已购品牌
产检资料与证件（身份证/医保卡/结婚证/母子健康手册）,待产住院,证件资料,1套,,必买,0,true,南海妇幼：夫妻双方身份证原件+正反面复印件各 2 份、住院病人信息确认表、住院证、产检本及相关资料、诊疗卡、医保卡、生育服务证、围产保健手册,2026-09-20T00:00:00Z,
产褥垫/护理垫 60×90,待产住院,妈妈用品,30片,十月结晶,必买,60,true,待产和产后都要用；南海妇幼清单要求 60×90cm 20 张，备 30 片更稳,2026-09-20T00:00:00Z,
成人纸尿裤（两侧粘贴·计量型）,待产住院,妈妈用品,10片,,必买,50,false,南海妇幼等价项：裤型/计量型卫生巾 10 条，产后头几天最实用,2026-09-20T00:00:00Z,
安睡裤,待产住院,妈妈用品,8片,,必买,50,false,产后头几天穿脱方便,2026-09-20T00:00:00Z,
一次性内裤,待产住院,妈妈用品,6-8条,熙嫚,必买,30,true,住院期间免洗，用完就扔,2026-09-20T00:00:00Z,
冷敷贴,待产住院,妈妈用品,3-6片,,必买,60,false,24小时以内使用，消除会阴红肿；每人伤口程度不同按需买,2026-09-20T00:00:00Z,
私处冲洗器,待产住院,妈妈用品,1个,,必买,30,false,小号大号都要用，之后用凉开水清洁,2026-09-20T00:00:00Z,
一次性马桶垫,待产住院,妈妈用品,1包,,建议,20,false,南海妇幼要求自带；住单间可少量备,2026-09-20T00:00:00Z,
带吸管的杯子,待产住院,妈妈用品,1个,,必买,30,false,可以躺着喝水；或用尖叫等功能性饮料瓶替代,2026-09-20T00:00:00Z,
蜂蜜露,待产住院,妈妈用品,6-8小瓶,,建议,40,false,分娩时补充体力，小瓶装好入口,2026-09-20T00:00:00Z,
月子服+月子帽+袜子,待产住院,妈妈用品,1套,,必买,200,false,含出院回家时要穿的衣服和帽子,2026-09-20T00:00:00Z,
生活用品（牙刷/牙膏/毛巾/拖鞋/脸盆/餐具/纸杯）,待产住院,妈妈用品,1套,,必买,150,false,含洗发水、沐浴露；拖鞋选防滑款，医院明确要求,2026-09-20T00:00:00Z,
棉柔巾,待产住院,洗护清洁,2包,德佑,必买,40,true,妈妈清洗私处后吸干水分，宝宝也用得上,2026-09-20T00:00:00Z,
云柔巾/保湿纸,待产住院,洗护清洁,3包,可心柔,必买,40,true,宝宝皮肤嫩，用不了大人的纸巾,2026-09-20T00:00:00Z,
纸尿裤 NB 码,待产住院,宝宝用品,50片,帮宝适黑金帮,必买,90,true,南海妇幼要求纸尿片备 NB 或 S 码,2026-09-20T00:00:00Z,
一次性隔尿垫（婴儿床用）,待产住院,洗护清洁,1包,,必买,30,false,垫在医院的婴儿床上,2026-09-20T00:00:00Z,
新生儿连体衣 52 码,产前囤货,宝宝用品,3-4件,,必买,150,false,住院期间医院提供半背、抱被，出院需自备一套,2026-09-20T00:00:00Z,
胎帽+婴儿袜,产前囤货,宝宝用品,2套,,必买,40,false,出院时戴,2026-09-20T00:00:00Z,
出院包被/抱被,产前囤货,宝宝用品,1-2条,,必买,120,false,按季节选厚薄,2026-09-20T00:00:00Z,
奶瓶 160ml 玻璃,产前囤货,喂养用品,2个,贝亲（ss号奶嘴）,必买,160,true,不建议买 160ml 以下容量，月子里就会不够用,2026-09-20T00:00:00Z,
奶瓶清洁刷,产前囤货,喂养用品,1套,,建议,30,false,奶瓶、奶嘴、吸管都要能刷到,2026-09-20T00:00:00Z,
奶瓶果蔬清洗剂,产前囤货,洗护清洁,1瓶,贝亲,必买,40,true,按国标要求选，成分安全好冲洗,2026-09-20T00:00:00Z,
备用奶粉,产前囤货,喂养用品,1罐,A2至初,建议,300,false,母乳不足时应急，先买小罐避免浪费,2026-09-20T00:00:00Z,
硅胶碗勺,产前囤货,喂养用品,1套,,建议,60,false,母乳亲喂的建议用勺喂奶，避免乳头和奶嘴混淆,2026-09-20T00:00:00Z,
宝宝洗衣液/洗衣皂,产前囤货,洗护清洁,1瓶,babycare,必买,60,true,新生儿衣物单独手洗,2026-09-20T00:00:00Z,
纱布小方巾,产前囤货,洗护清洁,4-6条,全棉时代,必买,40,false,万能用处，擦口水、洗脸、拍嗝都用,2026-09-20T00:00:00Z,
纱布浴巾 95×95,产前囤货,洗护清洁,2条,,必买,80,false,宝宝洗澡以后擦拭身体,2026-09-20T00:00:00Z,
折叠脸盆,产前囤货,洗护清洁,2个,,必买,30,false,一个洗脸、一个洗屁股，回家可以继续用,2026-09-20T00:00:00Z,
纯棉隔尿垫,产前囤货,洗护清洁,2条,,必买,60,false,可水洗反复用,2026-09-20T00:00:00Z,
婴儿浴盆,产前囤货,洗护清洁,1个,,必买,150,false,选带防滑坐垫的可折叠款,2026-09-20T00:00:00Z,
宝宝洗护品（洗发沐浴）,产前囤货,洗护清洁,1瓶,,建议,80,false,出生24小时以后护士会洗澡，医院提供可以不用,2026-09-20T00:00:00Z,
宝宝护肤品/山茶油,产前囤货,洗护清洁,1瓶,,建议,80,false,推荐用农家山茶油代替婴儿油做抚触按摩,2026-09-20T00:00:00Z,
宝宝指甲剪套装,产前囤货,洗护清洁,1套,,必买,40,false,新生儿指甲长得快，要专用圆头剪刀,2026-09-20T00:00:00Z,
护脐用品（75%酒精+医用棉签）,产前囤货,医疗护理,1套,,必买,20,false,南海妇幼要求带「护脐包含气门芯」1 包；消毒用 75% 酒精，不建议碘伏,2026-09-20T00:00:00Z,
恒温壶,产前囤货,家居装备,1台,小米（烧水壶恒温一体）,建议,200,false,给宝宝泡奶和大人喝水都方便,2026-09-20T00:00:00Z,
尿布台/护理台,产前囤货,家居装备,1个,,可缓,300,false,换尿布不用弯腰，用不了几个月可二手,2026-09-20T00:00:00Z,
婴儿床+床垫,产前囤货,家居装备,1套,,可缓,800,false,提前放味，床垫选硬一点的,2026-09-20T00:00:00Z,
婴儿车,产前囤货,出行外出,1台,,可缓,1000,false,可等宝宝出生后按月龄再挑,2026-09-20T00:00:00Z,
婴儿安全座椅,产前囤货,出行外出,1台,,可缓,1500,false,有车家庭必配，按体重选组别,2026-09-20T00:00:00Z,
吸奶器（电动双边）,产后恢复,妈妈用品,1台,,建议,500,false,母乳喂养几乎必备；价格偏高，可先租借试用再买,2026-09-20T00:00:00Z,
防溢乳垫,产后恢复,妈妈用品,1盒,,必买,40,false,哺乳期天天用，可囤,2026-09-20T00:00:00Z,
哺乳内衣,产后恢复,妈妈用品,2-3件,,必买,200,false,选前开扣、无钢圈的,2026-09-20T00:00:00Z,
产后卫生巾,产后恢复,妈妈用品,2包,,必买,50,false,南海妇幼清单要求：母婴两用巾或绵柔加长卫生巾 2 包,2026-09-20T00:00:00Z,
收腹带/束腹带,产后恢复,妈妈用品,1条,,建议,150,false,顺产剖腹产款式不同，按医嘱使用,2026-09-20T00:00:00Z,
乳头霜/羊脂膏,产后恢复,妈妈用品,1支,,建议,80,false,哺乳初期皲裂时用，选可入口的,2026-09-20T00:00:00Z,
储奶袋,产后恢复,妈妈用品,1盒,,建议,60,false,背奶或奶量多时用,2026-09-20T00:00:00Z,
月子餐/产后营养品,产后恢复,妈妈用品,1套,,可缓,500,false,按体质和口味准备即可,2026-09-20T00:00:00Z,
产后42天复查+盆底肌评估,产后恢复,医疗护理,1次,,建议,0,false,出院时问清复查时间和挂号科室,2026-09-20T00:00:00Z,
月子牙刷/软毛牙刷,产后恢复,妈妈用品,2支,,建议,30,false,产后可以正常刷牙，选软毛即可,2026-09-20T00:00:00Z,
尿不湿 S/M/L 码,宝宝0-1岁,宝宝用品,按月龄囤,帮宝适黑金帮,必买,300,false,先囤 S 码，大码等宝宝体重上来再买,2026-09-20T00:00:00Z,
婴儿湿巾,宝宝0-1岁,洗护清洁,4包,,必买,60,false,选无香精无酒精的纯水湿巾,2026-09-20T00:00:00Z,
屁屁膏/护臀膏,宝宝0-1岁,洗护清洁,1支,,必买,50,false,红屁股时厚涂，氧化锌成分口碑好,2026-09-20T00:00:00Z,
婴儿润肤露,宝宝0-1岁,洗护清洁,1瓶,,建议,80,false,洗澡后涂，秋冬保湿,2026-09-20T00:00:00Z,
分腿睡袋,宝宝0-1岁,宝宝用品,2个,,建议,200,false,比盖被子安全，按季节选厚度,2026-09-20T00:00:00Z,
黑白卡/摇铃/牙胶,宝宝0-1岁,宝宝用品,1套,,建议,150,false,0-3月黑白卡，4月后牙胶,2026-09-20T00:00:00Z,
高铁米粉,宝宝0-1岁,喂养用品,1盒,,必买,80,false,6月龄添加辅食第一口,2026-09-20T00:00:00Z,
辅食工具（辅食机/研磨碗）,宝宝0-1岁,喂养用品,1套,,建议,300,false,6月龄后再买也来得及,2026-09-20T00:00:00Z,
学饮杯,宝宝0-1岁,喂养用品,1个,,建议,60,false,6月龄后练习喝水,2026-09-20T00:00:00Z,
恒温调奶器,宝宝0-1岁,喂养用品,1台,,可缓,200,false,夜里冲奶省事，纯母乳可不用,2026-09-20T00:00:00Z,
婴儿餐椅,宝宝0-1岁,家居装备,1个,,可缓,400,false,6月龄加辅食时用,2026-09-20T00:00:00Z,
爬行垫,宝宝0-1岁,家居装备,1张,,可缓,200,false,学爬期用，选无异味的,2026-09-20T00:00:00Z,
婴儿背带/腰凳,宝宝0-1岁,出行外出,1个,,可缓,300,false,出门解放双手，4月龄后更常用,2026-09-20T00:00:00Z,
耳温枪+退热贴,宝宝0-1岁,医疗护理,1套,,必买,100,false,家里常备，半夜发烧不慌,2026-09-20T00:00:00Z,
婴儿理发器,宝宝0-1岁,洗护清洁,1个,,可缓,100,false,静音款，自己在家剪更省心,2026-09-20T00:00:00Z,
儿童保健手册+疫苗本,宝宝0-1岁,证件资料,1套,,必买,0,false,出生后办，按免疫规划按时接种,2026-09-20T00:00:00Z,
婴儿专用洗衣皂,宝宝0-1岁,洗护清洁,3块,,建议,30,false,口水巾、贴身衣物单独洗,2026-09-20T00:00:00Z,
胎监带,待产住院,妈妈用品,1-2条,,必买,20,false,南海妇幼要求自带；产检和待产都要用，别漏了,2026-09-20T00:00:00Z,
夫妻双方身份证正反面复印件,待产住院,证件资料,各2份,,必买,0,false,医院另需住院病人信息确认表、住院证、产检本、诊疗卡、医保卡、生育服务证、围产保健手册,2026-09-20T00:00:00Z,
洗发水+沐浴露,待产住院,妈妈用品,1套,,建议,50,false,医院要求自备洗漱用品，陪产家属也能用,2026-09-20T00:00:00Z,
功能性饮料（宝矿力/脉动/产动力）,待产住院,妈妈用品,2-3瓶,宝矿力特,建议,30,false,医院推荐：宝矿力特、脉动、产动力等；产程中补充体力,2026-09-20T00:00:00Z,
待产零食（饼干/牛奶/面包/水果/粥粉面）,待产住院,妈妈用品,适量,,建议,50,false,糖妈妈可备纯牛奶、玉米、纤麸饼干、苏打饼干；不建议红牛、东鹏特饮、巧克力,2026-09-20T00:00:00Z,
纸巾（抽纸/卷纸）,待产住院,洗护清洁,2包,,必买,20,false,南海妇幼入院物品清单明确要求,2026-09-20T00:00:00Z,